Workbook

Sheet Summary
A1: Build cost summary
A3: Section | B3: Budget | C3: Actual paid
A4: Doors & windows | B4: =SUMIFS(Materials!$F$5:$F$77,Materials!$A$5:$A$77,$A4) -> 670 | C4: =SUMIFS(Materials!$G$5:$G$77,Materials!$A$5:$A$77,$A4) -> 0
A5: False wall (bolt-in) | B5: =SUMIFS(Materials!$F$5:$F$77,Materials!$A$5:$A$77,$A5) -> 280 | C5: =SUMIFS(Materials!$G$5:$G$77,Materials!$A$5:$A$77,$A5) -> 0
A6: Ramp deck | B6: =SUMIFS(Materials!$F$5:$F$77,Materials!$A$5:$A$77,$A6) -> 330 | C6: =SUMIFS(Materials!$G$5:$G$77,Materials!$A$5:$A$77,$A6) -> 0
A7: Insulation & finish | B7: =SUMIFS(Materials!$F$5:$F$77,Materials!$A$5:$A$77,$A7) -> 720 | C7: =SUMIFS(Materials!$G$5:$G$77,Materials!$A$5:$A$77,$A7) -> 0
A8: E-track & bed | B8: =SUMIFS(Materials!$F$5:$F$77,Materials!$A$5:$A$77,$A8) -> 884 | C8: =SUMIFS(Materials!$G$5:$G$77,Materials!$A$5:$A$77,$A8) -> 0
A9: Climate & safety | B9: =SUMIFS(Materials!$F$5:$F$77,Materials!$A$5:$A$77,$A9) -> 1531 | C9: =SUMIFS(Materials!$G$5:$G$77,Materials!$A$5:$A$77,$A9) -> 0
A10: Electrical & solar | B10: =SUMIFS(Materials!$F$5:$F$77,Materials!$A$5:$A$77,$A10) -> 1412 | C10: =SUMIFS(Materials!$G$5:$G$77,Materials!$A$5:$A$77,$A10) -> 0
A11: Tongue battery box | B11: =SUMIFS(Materials!$F$5:$F$77,Materials!$A$5:$A$77,$A11) -> 50 | C11: =SUMIFS(Materials!$G$5:$G$77,Materials!$A$5:$A$77,$A11) -> 0
A12: Wash corner | B12: =SUMIFS(Materials!$F$5:$F$77,Materials!$A$5:$A$77,$A12) -> 525 | C12: =SUMIFS(Materials!$G$5:$G$77,Materials!$A$5:$A$77,$A12) -> 0
A13: Outdoor kitchen | B13: =SUMIFS(Materials!$F$5:$F$77,Materials!$A$5:$A$77,$A13) -> 60 | C13: =SUMIFS(Materials!$G$5:$G$77,Materials!$A$5:$A$77,$A13) -> 0
A14: Optional off-road | B14: =SUMIFS(Materials!$F$5:$F$77,Materials!$A$5:$A$77,$A14) -> 600 | C14: =SUMIFS(Materials!$G$5:$G$77,Materials!$A$5:$A$77,$A14) -> 0
A15: Total, all items | B15: =SUM(B4:B14) -> 7062 | C15: =SUM(C4:C14) -> 0
A16: Total without optional off-road | B16: =B15-B14 -> 6462 | C16: =C15-C14 -> 0
A18: Listed prices: rooftop AC, battery, converter/charger, toilet. Everything else is Claude's rough estimate, not a quote.

Sheet Materials
A1: 5x10 cargo camper build - materials list
A2: How to use: blue numbers are the budget (rough estimates unless a source is noted) - edit them freely. Enter what you actually pay in the yellow 'Actual paid' column (example: 615 for the door). Totals update automatically.
A4: Section | B4: Item | C4: Qty | D4: Unit | E4: Budget each | F4: Budget total | G4: Actual paid | H4: Notes / source
A5: Doors & windows | B5: Door for false wall, ~24 in wide, under 60 in tall (used/eBay/salvage) | C5: 1 | D5: ea | E5: 150 | F5: =C5*E5 -> 150 | H5: New Challenger 805 26x36 lists ~$615-953 (elkhartrvparts.com); match wall-thickness range, right hinge
A6: Doors & windows | B6: Window for false wall, ~24x18 with screen (used/eBay) | C6: 1 | D6: ea | E6: 50 | F6: =C6*E6 -> 50 | H6: Set bottom above the 34 in sink counter
A7: Doors & windows | B7: RV side windows ~24x15 with screens (used/eBay) | C7: 4 | D7: ea | E7: 50 | F7: =C7*E7 -> 200 | H7: New EZ Lite 23x14 is $159.95 (walmart.com); size one for egress
A8: Doors & windows | B8: Front window ~36x15-18, acrylic/polycarbonate (used/eBay) | C8: 1 | D8: ea | E8: 60 | F8: =C8*E8 -> 60 | H8: High and centered, 38-52 in off floor
A9: Doors & windows | B9: Removable front rock guard | C9: 1 | D9: ea | E9: 40 | F9: =C9*E9 -> 40 | H9: Bolt on for travel
A10: Doors & windows | B10: Window framing tube + rivet nuts | C10: 1 | D10: lot | E10: 60 | F10: =C10*E10 -> 60 | H10: 5 openings between wall posts
A11: Doors & windows | B11: Skylight, ~14x22 in, dome + interior trim (eBay) | C11: 1 | D11: ea | E11: 30 | F11: =C11*E11 -> 30 | H11: Rear of roof, over entry
A12: Doors & windows | B12: Butyl tape + self-leveling lap sealant | C12: 1 | D12: lot | E12: 50 | F12: =C12*E12 -> 50 | H12: Every roof/wall penetration
A13: Doors & windows | B13: Reflective window shades | C13: 1 | D13: lot | E13: 30 | F13: =C13*E13 -> 30
A14: False wall (bolt-in) | B14: Steel tube to match trailer frame | C14: 40 | D14: ft | E14: 2 | F14: =C14*E14 -> 80 | H14: Perimeter, door, window and heater-port openings
A15: False wall (bolt-in) | B15: Bolt-on tabs, grade 8 bolts, rivet nuts | C15: 1 | D15: lot | E15: 40 | F15: =C15*E15 -> 40 | H15: Removable for hauling
A16: False wall (bolt-in) | B16: Wall skins: aluminum/FRP outside + interior panel | C16: 1 | D16: lot | E16: 60 | F16: =C16*E16 -> 60
A17: False wall (bolt-in) | B17: 3/4-1 in polyiso foam for wall cavities | C17: 1 | D17: sheet | E17: 25 | F17: =C17*E17 -> 25
A18: False wall (bolt-in) | B18: Perimeter gasket/seal + drip edge | C18: 1 | D18: lot | E18: 30 | F18: =C18*E18 -> 30
A19: False wall (bolt-in) | B19: Heater duct port (~3 in, capped) | C19: 1 | D19: ea | E19: 15 | F19: =C19*E19 -> 15 | H19: Low center section, between window and door
A20: False wall (bolt-in) | B20: Exterior weatherproof 12V outlet + plug-in connector | C20: 1 | D20: set | E20: 30 | F20: =C20*E20 -> 30 | H20: Powers the portable diesel heater; wall stays removable
A21: Ramp deck | B21: Adjustable support legs / jack stands for ramp | C21: 2 | D21: ea | E21: 25 | F21: =C21*E21 -> 50
A22: Ramp deck | B22: Interlocking deck tiles or outdoor rug, 5x5 ft | C22: 1 | D22: lot | E22: 40 | F22: =C22*E22 -> 40
A23: Ramp deck | B23: Removable railing + step | C23: 1 | D23: set | E23: 80 | F23: =C23*E23 -> 80
A24: Ramp deck | B24: Two folding camp chairs | C24: 2 | D24: ea | E24: 30 | F24: =C24*E24 -> 60
A25: Ramp deck | B25: Rear awning + keder rail on rear header | C25: 1 | D25: set | E25: 100 | F25: =C25*E25 -> 100 | H25: Covers deck and door
A26: Insulation & finish | B26: 1 in polyiso foam board, 4x8 | C26: 8 | D26: sheet | E26: 25 | F26: =C26*E26 -> 200 | H26: Walls, ceiling, front wall
A27: Insulation & finish | B27: Reflectix + foil tape | C27: 1 | D27: roll | E27: 40 | F27: =C27*E27 -> 40
A28: Insulation & finish | B28: Wall/ceiling paneling, 1/4 in plywood or FRP, 4x8 | C28: 8 | D28: sheet | E28: 30 | F28: =C28*E28 -> 240
A29: Insulation & finish | B29: Floor insulation + vinyl or rubber flooring | C29: 1 | D29: lot | E29: 100 | F29: =C29*E29 -> 100 | H29: Washable for hauling
A30: Insulation & finish | B30: 3/4 in plywood backer strips for E-track | C30: 2 | D30: sheet | E30: 50 | F30: =C30*E30 -> 100
A31: Insulation & finish | B31: White reflective roof coating | C31: 1 | D31: gal | E31: 40 | F31: =C31*E31 -> 40 | H31: Biggest summer heat gain is the roof
A32: E-track & bed | B32: Horizontal E-track, 5 ft sections | C32: 14 | D32: ea | E32: 18 | F32: =C32*E32 -> 252 | H32: 3 rows x 2 walls + front wall
A33: E-track & bed | B33: Vertical E-track strips (adjustable desk height) | C33: 4 | D33: ea | E33: 15 | F33: =C33*E33 -> 60
A34: E-track & bed | B34: E-track 2x4 beam sockets | C34: 12 | D34: ea | E34: 6 | F34: =C34*E34 -> 72 | H34: Bed at ~10 in, desk at ~30-32 in
A35: E-track & bed | B35: E-track single-stud fittings + shelf brackets | C35: 1 | D35: lot | E35: 50 | F35: =C35*E35 -> 50
A36: E-track & bed | B36: 2x4 lumber for beams | C36: 6 | D36: ea | E36: 5 | F36: =C36*E36 -> 30
A37: E-track & bed | B37: Plywood for bed/desk panels (3 panels ~57x24) | C37: 2 | D37: sheet | E37: 45 | F37: =C37*E37 -> 90
A38: E-track & bed | B38: Laminate top for desk panel | C38: 1 | D38: ea | E38: 30 | F38: =C38*E38 -> 30
A39: E-track & bed | B39: Tri-fold mattress, full (54x75), 6 in | C39: 1 | D39: ea | E39: 150 | F39: =C39*E39 -> 150
A40: E-track & bed | B40: Ventilated mattress underlay | C40: 1 | D40: ea | E40: 50 | F40: =C40*E40 -> 50
A41: E-track & bed | B41: High shelves / cabinet materials | C41: 1 | D41: lot | E41: 100 | F41: =C41*E41 -> 100
A42: Climate & safety | B42: 12V rooftop AC/heater, 10,000 BTU (with heater option) | C42: 1 | D42: ea | E42: 976 | F42: =C42*E42 -> 976 | H42: Listed $976 with optional PTC heater (outequippro.com); 21-58A at 12V
A43: Climate & safety | B43: Roof cross-framing under the AC | C43: 1 | D43: lot | E43: 40 | F43: =C43*E43 -> 40 | H43: 45 lb unit, 14x14 in cutout, middle of roof
A44: Climate & safety | B44: AC power cable, 100A fuse, disconnect switch | C44: 1 | D44: lot | E44: 80 | F44: =C44*E44 -> 80 | H44: ~12-15 ft from tongue box; size cable per maker's chart
A45: Climate & safety | B45: Portable all-in-one diesel heater | C45: 1 | D45: ea | E45: 150 | F45: =C45*E45 -> 150 | H45: Runs outside on/near the deck, ducts in through false wall
A46: Climate & safety | B46: Heat shield + spill tray for heater | C46: 1 | D46: lot | E46: 20 | F46: =C46*E46 -> 20
A47: Climate & safety | B47: Roof fan, reversible with rain cover | C47: 1 | D47: ea | E47: 200 | F47: =C47*E47 -> 200 | H47: Front of roof, over head of bed
A48: Climate & safety | B48: Smoke + CO detector | C48: 1 | D48: ea | E48: 40 | F48: =C48*E48 -> 40
A49: Climate & safety | B49: Fire extinguisher | C49: 1 | D49: ea | E49: 25 | F49: =C49*E49 -> 25
A50: Electrical & solar | B50: Redodo 12V 200Ah LiFePO4 battery | C50: 1 | D50: ea | E50: 450 | F50: =C50*E50 -> 450 | H50: Listed $449.99, 200A BMS, 5-yr warranty (redodopower.com)
A51: Electrical & solar | B51: Progressive Dynamics PD89RR 80A converter/charger (LiFePO4 setting) | C51: 1 | D51: ea | E51: 367 | F51: =C51*E51 -> 367 | H51: Listed $367 (etrailer.com); keeps up with the AC on the generator
A52: Electrical & solar | B52: MPPT solar charge controller, 20-30A | C52: 1 | D52: ea | E52: 60 | F52: =C52*E52 -> 60
A53: Electrical & solar | B53: 200W folding solar panel | C53: 1 | D53: ea | E53: 150 | F53: =C53*E53 -> 150 | H53: Set in the sun like the Starlink dish
A54: Electrical & solar | B54: Side-wall solar port + 30-50 ft heavy extension cable | C54: 1 | D54: set | E54: 60 | F54: =C54*E54 -> 60
A55: Electrical & solar | B55: Small pure sine inverter (only if needed, e.g. CPAP) | C55: 1 | D55: ea | E55: 0 | F55: =C55*E55 -> 0 | H55: Skip if nothing 120V runs after 9 pm
A56: Electrical & solar | B56: 30A shore power inlet + cord | C56: 1 | D56: set | E56: 80 | F56: =C56*E56 -> 80
A57: Electrical & solar | B57: 30A-to-15/20A adapter for generator | C57: 1 | D57: ea | E57: 15 | F57: =C57*E57 -> 15 | H57: Champion 2500 has 20A household outlets
A58: Electrical & solar | B58: 120V breaker panel, 12V fuse block, wire, connectors | C58: 1 | D58: lot | E58: 120 | F58: =C58*E58 -> 120
A59: Electrical & solar | B59: LED lights + switches | C59: 1 | D59: lot | E59: 40 | F59: =C59*E59 -> 40
A60: Electrical & solar | B60: 12V sockets + USB/USB-C ports | C60: 1 | D60: lot | E60: 30 | F60: =C60*E60 -> 30 | H60: Charge phones and laptops on battery
A61: Electrical & solar | B61: 120V outlets (GFCI) | C61: 1 | D61: lot | E61: 20 | F61: =C61*E61 -> 20 | H61: Live on generator or campsite power
A62: Electrical & solar | B62: Generator chain + lock (truck bed) | C62: 1 | D62: ea | E62: 20 | F62: =C62*E62 -> 20 | H62: Already own the Champion 2500
A63: Electrical & solar | B63: Existing Mopar H7 starting battery | C63: 1 | D63: ea | E63: 0 | F63: =C63*E63 -> 0 | H63: Already own; reuse for tongue jack or spare, not house power
A64: Tongue battery box | B64: Vented, lockable battery box on the tongue | C64: 1 | D64: ea | E64: 50 | F64: =C64*E64 -> 50 | H64: Generator and solar panel ride in the truck bed
A65: Wash corner | B65: Bar sink + faucet | C65: 1 | D65: set | E65: 60 | F65: =C65*E65 -> 60
A66: Wash corner | B66: 12V water pump | C66: 1 | D66: ea | E66: 40 | F66: =C66*E66 -> 40
A67: Wash corner | B67: Fresh + gray water jugs | C67: 1 | D67: set | E67: 30 | F67: =C67*E67 -> 30
A68: Wash corner | B68: 120V mini water heater, ~2.5 gal | C68: 1 | D68: ea | E68: 150 | F68: =C68*E68 -> 150 | H68: Heats while the generator or shore power is on
A69: Wash corner | B69: Plumbing + quick-connect fittings | C69: 1 | D69: lot | E69: 40 | F69: =C69*E69 -> 40
A70: Wash corner | B70: Open sink stand on E-track (frame, counter, hardware) | C70: 1 | D70: lot | E70: 60 | F70: =C70*E70 -> 60
A71: Wash corner | B71: Portable cassette toilet (Porta Potti 135 or similar) | C71: 1 | D71: ea | E71: 85 | F71: =C71*E71 -> 85 | H71: Listed ~$85-$116 (campervan-hq.com, superarbor.io); 15x13.5x12.2 in
A72: Wash corner | B72: Toilet sliding tray: 100+ lb slides + latch | C72: 1 | D72: set | E72: 40 | F72: =C72*E72 -> 40
A73: Wash corner | B73: Travel straps / front bar | C73: 1 | D73: lot | E73: 20 | F73: =C73*E73 -> 20 | H73: Open stand, no doors
A74: Outdoor kitchen | B74: Propane camp stove + hose | C74: 1 | D74: set | E74: 60 | F74: =C74*E74 -> 60 | H74: Outdoor only
A75: Outdoor kitchen | B75: 20 lb propane tank (separate from generator's) | C75: 1 | D75: ea | E75: 0 | F75: =C75*E75 -> 0 | H75: $0 if you already have one
A76: Optional off-road | B76: Axle flip or lift kit | C76: 1 | D76: job | E76: 300 | F76: =C76*E76 -> 300 | H76: Optional
A77: Optional off-road | B77: All-terrain trailer tires (2 + spare) | C77: 3 | D77: ea | E77: 100 | F77: =C77*E77 -> 300 | H77: Optional
B78: Total (all items) | F78: =SUM(F5:F77) -> 7062 | G78: =SUM(G5:G77) -> 0
